{
  "precheck": [
    {
      "token": "isers",
      "token_id": 21572,
      "L1_mean": 0.000506736925506795,
      "L1_var": 3.1916325147521225e-06,
      "L1_n": 11,
      "L12_mean": 3.791228995065797e-05,
      "L12_var": 7.752313950118229e-07,
      "L12_n": 11,
      "L23_mean": 0.0031827019675719466,
      "L23_var": 1.1259600996656474e-05,
      "L23_n": 11,
      "cross_mean": 0.0012424503943431332,
      "cross_max_var": 1.1259600996656474e-05,
      "cross_min_var": 7.752313950118229e-07,
      "always_near_zero": true,
      "always_positive": false,
      "sign_flips": 