{
  "layer_0": {
    "baseline_ppl": 47.57219178302911,
    "sp0.0": {
      "ppl": 47.57,
      "delta_pct": 0.0,
      "pct_linear": 0.0,
      "top_dims": [
        535,
        288,
        153,
        6,
        270,
        651,
        253,
        709,
        19,
        753
      ]
    },
    "sp0.1": {
      "ppl": 47.57,
      "delta_pct": 0.0,
      "pct_linear": 0.0,
      "top_dims": [
        6,
        253,
        270,
        186,
        666,
        453,
        288,
        678,
        447,
        332
      ]
    },
    "sp0.5": {
      "ppl": 47.57,
      "delta_pct": 0.0,
      "pct_linear": 0.0,
      "top_dims": [
        270,
        288,
        453,
        6,
        678,
        19,
        469,
        535,
        153,
        666
      ]
    },
    "context_dependent": {
      "tokens_routed_both_ways": 1,
      "total_token_types": 1434,
      "pct_context_dependent": 0.1
    },
    "sp1.0": {
      "ppl": 47.57,
      "delta_pct": 0.0,
      "pct_linear": 0.0,
      "top_dims": [
        6,
        753,
        453,
        678,
        661,
        270,
        253,
        288,
        153,
        535
      ]
    },
    "sp2.0": {
      "ppl": 47.57,
      "delta_pct": 0.0,
      "pct_linear": 0.0,
      "top_dims": [
        453,
        6,
        253,
        447,
        288,
        666,
        270,
        753,
        354,
        651
      ]
    },
    "all_linear_ppl": 101089.49
  },
  "layer_1": {
    "baseline_ppl": 47.57219178302911,
    "sp0.0": {
      "ppl": 47.63,
      "delta_pct": 0.12,
      "pct_linear": 5.1,
      "top_dims": [
        173,
        341,
        493,
        714,
        383,
        91,
        133,
        40,
        424,
        654
      ]
    },
    "sp0.1": {
      "ppl": 47.92,
      "delta_pct": 0.74,
      "pct_linear": 14.4,
      "top_dims": [
        493,
        173,
        41,
        48,
        482,
        401,
        473,
        608,
        395,
        339
      ]
    },
    "sp0.5": {
      "ppl": 55.14,
      "delta_pct": 15.91,
      "pct_linear": 99.3,
      "top_dims": [
        449,
        41,
        406,
        635,
        747,
        500,
        651,
        59,
        278,
        520
      ]
    },
    "context_dependent": {
      "tokens_routed_both_ways": 13,
      "total_token_types": 1434,
      "pct_context_dependent": 0.9
    },
    "sp1.0": {
      "ppl": 56.24,
      "delta_pct": 18.22,
      "pct_linear": 100.0,
      "top_dims": [
        296,
        494,
        425,
        681,
        674,
        345,
        579,
        20,
        358,
        9
      ]
    },
    "sp2.0": {
      "ppl": 56.24,
      "delta_pct": 18.22,
      "pct_linear": 100.0,
      "top_dims": [
        603,
        758,
        270,
        539,
        6,
        52,
        211,
        677,
        379,
        101
      ]
    },
    "all_linear_ppl": 56.24
  },
  "layer_2": {
    "baseline_ppl": 47.57219178302911,
    "sp0.0": {
      "ppl": 47.46,
      "delta_pct": -0.24,
      "pct_linear": 12.0,
      "top_dims": [
        750,
        165,
        143,
        62,
        298,
        129,
        590,
        210,
        627,
        102
      ]
    },
    "sp0.1": {
      "ppl": 49.6,
      "delta_pct": 4.26,
      "pct_linear": 84.9,
      "top_dims": [
        694,
        272,
        188,
        226,
        409,
        234,
        564,
        743,
        129,
        470
      ]
    },
    "sp0.5": {
      "ppl": 50.78,
      "delta_pct": 6.74,
      "pct_linear": 100.0,
      "top_dims": [
        655,
        731,
        569,
        446,
        685,
        97,
        193,
        554,
        291,
        208
      ]
    },
    "context_dependent": {
      "tokens_routed_both_ways": 0,
      "total_token_types": 1434,
      "pct_context_dependent": 0.0
    },
    "sp1.0": {
      "ppl": 50.78,
      "delta_pct": 6.74,
      "pct_linear": 100.0,
      "top_dims": [
        646,
        487,
        320,
        164,
        323,
        293,
        712,
        35,
        219,
        218
      ]
    },
    "sp2.0": {
      "ppl": 50.78,
      "delta_pct": 6.74,
      "pct_linear": 100.0,
      "top_dims": [
        453,
        239,
        326,
        691,
        562,
        481,
        608,
        459,
        201,
        640
      ]
    },
    "all_linear_ppl": 50.78
  },
  "layer_5": {
    "baseline_ppl": 47.57219178302911,
    "sp0.0": {
      "ppl": 47.52,
      "delta_pct": -0.12,
      "pct_linear": 6.3,
      "top_dims": [
        160,
        491,
        437,
        613,
        42,
        307,
        574,
        142,
        607,
        747
      ]
    },
    "sp0.1": {
      "ppl": 49.45,
      "delta_pct": 3.96,
      "pct_linear": 77.9,
      "top_dims": [
        303,
        581,
        539,
        143,
        504,
        464,
        691,
        482,
        124,
        457
      ]
    },
    "sp0.5": {
      "ppl": 50.77,
      "delta_pct": 6.72,
      "pct_linear": 100.0,
      "top_dims": [
        117,
        679,
        628,
        261,
        397,
        541,
        236,
        399,
        638,
        601
      ]
    },
    "context_dependent": {
      "tokens_routed_both_ways": 0,
      "total_token_types": 1434,
      "pct_context_dependent": 0.0
    },
    "sp1.0": {
      "ppl": 50.77,
      "delta_pct": 6.72,
      "pct_linear": 100.0,
      "top_dims": [
        368,
        512,
        138,
        401,
        376,
        81,
        156,
        240,
        408,
        271
      ]
    },
    "sp2.0": {
      "ppl": 50.77,
      "delta_pct": 6.72,
      "pct_linear": 100.0,
      "top_dims": [
        750,
        76,
        494,
        587,
        461,
        201,
        744,
        610,
        575,
        732
      ]
    },
    "all_linear_ppl": 50.77
  },
  "layer_8": {
    "baseline_ppl": 47.57219178302911,
    "sp0.0": {
      "ppl": 47.49,
      "delta_pct": -0.17,
      "pct_linear": 4.4,
      "top_dims": [
        682,
        434,
        476,
        418,
        166,
        101,
        228,
        763,
        300,
        156
      ]
    },
    "sp0.1": {
      "ppl": 49.88,
      "delta_pct": 4.85,
      "pct_linear": 67.8,
      "top_dims": [
        673,
        37,
        698,
        135,
        323,
        581,
        690,
        72,
        291,
        410
      ]
    },
    "sp0.5": {
      "ppl": 52.23,
      "delta_pct": 9.8,
      "pct_linear": 100.0,
      "top_dims": [
        138,
        48,
        698,
        149,
        251,
        434,
        329,
        760,
        114,
        467
      ]
    },
    "context_dependent": {
      "tokens_routed_both_ways": 0,
      "total_token_types": 1434,
      "pct_context_dependent": 0.0
    },
    "sp1.0": {
      "ppl": 52.23,
      "delta_pct": 9.8,
      "pct_linear": 100.0,
      "top_dims": [
        344,
        553,
        151,
        497,
        364,
        85,
        512,
        758,
        340,
        681
      ]
    },
    "sp2.0": {
      "ppl": 52.23,
      "delta_pct": 9.8,
      "pct_linear": 100.0,
      "top_dims": [
        370,
        184,
        311,
        473,
        417,
        350,
        307,
        207,
        276,
        401
      ]
    },
    "all_linear_ppl": 52.23
  },
  "layer_11": {
    "baseline_ppl": 47.57219178302911,
    "sp0.0": {
      "ppl": 46.45,
      "delta_pct": -2.37,
      "pct_linear": 9.6,
      "top_dims": [
        630,
        758,
        331,
        254,
        335,
        463,
        429,
        173,
        530,
        32
      ]
    },
    "sp0.1": {
      "ppl": 46.78,
      "delta_pct": -1.67,
      "pct_linear": 12.4,
      "top_dims": [
        630,
        753,
        162,
        429,
        10,
        277,
        503,
        541,
        457,
        530
      ]
    },
    "sp0.5": {
      "ppl": 56.68,
      "delta_pct": 19.15,
      "pct_linear": 59.2,